{
	"info": {
		"_postman_id": "f79f298d-f1b0-4261-9ae2-eefe59f55d78",
		"name": "Mern Portfolio",
		"schema": "https://schema.getpostman.com/json/collection/v2.1.0/collection.json",
		"_exporter_id": "19239340",
		"_collection_link": "https://www.postman.com/joint-operations-geoscientist-27742608/workspace/my-workspace/collection/19239340-f79f298d-f1b0-4261-9ae2-eefe59f55d78?action=share&source=collection_link&creator=19239340"
	},
	"item": [
		{
			"name": "auth",
			"item": [
				{
					"name": "register",
					"request": {
						"method": "POST",
						"header": [],
						"body": {
							"mode": "raw",
							"raw": "{\r\n  \"email\": \"shohrab.hossain37@gmail.com\",\r\n  \"password\": \"1234\"\r\n}",
							"options": {
								"raw": {
									"language": "json"
								}
							}
						},
						"url": {
							"raw": "{{base_url}}/api/auth/register",
							"host": [
								"{{base_url}}"
							],
							"path": [
								"api",
								"auth",
								"register"
							]
						}
					},
					"response": []
				},
				{
					"name": "login",
					"request": {
						"method": "POST",
						"header": [],
						"body": {
							"mode": "raw",
							"raw": "{\r\n  \"email\": \"shohrab.hossain36@gmail.com\",\r\n  \"password\": \"1234\"\r\n}",
							"options": {
								"raw": {
									"language": "json"
								}
							}
						},
						"url": {
							"raw": "{{base_url}}/api/auth/login",
							"host": [
								"{{base_url}}"
							],
							"path": [
								"api",
								"auth",
								"login"
							]
						}
					},
					"response": []
				}
			]
		},
		{
			"name": "blogs",
			"item": [
				{
					"name": "Get all blogs",
					"request": {
						"method": "GET",
						"header": [],
						"url": {
							"raw": "{{base_url}}/api/blogs",
							"host": [
								"{{base_url}}"
							],
							"path": [
								"api",
								"blogs"
							]
						}
					},
					"response": []
				},
				{
					"name": "Create a new blog",
					"request": {
						"auth": {
							"type": "bearer",
							"bearer": [
								{
									"key": "token",
									"value": "{{token}}",
									"type": "string"
								}
							]
						},
						"method": "POST",
						"header": [
							{
								"key": "Authorization",
								"value": "{{token}}",
								"type": "text",
								"disabled": true
							}
						],
						"body": {
							"mode": "raw",
							"raw": "{\r\n  \"title\": \"Cybersecurity Best Practices\",\r\n  \"content\": \"Learn how to protect your digital assets effectively...\",\r\n  \"image\": \"https://images.unsplash.com/photo-1488590528505-98d2b5aba04b?w=800&h=600&fit=crop\"\r\n}",
							"options": {
								"raw": {
									"language": "json"
								}
							}
						},
						"url": {
							"raw": "{{base_url}}/api/blogs",
							"host": [
								"{{base_url}}"
							],
							"path": [
								"api",
								"blogs"
							]
						}
					},
					"response": []
				},
				{
					"name": "Update a blog",
					"request": {
						"auth": {
							"type": "bearer",
							"bearer": [
								{
									"key": "token",
									"value": "{{token}}",
									"type": "string"
								}
							]
						},
						"method": "PUT",
						"header": [
							{
								"key": "Authorization",
								"value": "{{token}}",
								"type": "text"
							}
						],
						"body": {
							"mode": "raw",
							"raw": "{\r\n  \"title\": \"Mobile App Development Trends\",\r\n  \"content\": \"Stay ahead of the curve with these mobile development trends...\",\r\n  \"image\": \"https://images.unsplash.com/photo-1461749280684-dccba630e2f6?w=800&h=600&fit=crop\"\r\n}",
							"options": {
								"raw": {
									"language": "json"
								}
							}
						},
						"url": {
							"raw": "{{base_url}}/api/blogs/67a6e37a6a6e1186d63d40d8",
							"host": [
								"{{base_url}}"
							],
							"path": [
								"api",
								"blogs",
								"67a6e37a6a6e1186d63d40d8"
							]
						}
					},
					"response": []
				},
				{
					"name": "Delete blog",
					"request": {
						"auth": {
							"type": "bearer",
							"bearer": [
								{
									"key": "token",
									"value": "{{token}}",
									"type": "string"
								}
							]
						},
						"method": "DELETE",
						"header": [],
						"url": {
							"raw": "{{base_url}}/api/blogs/67a63977116cfd429cced2a7",
							"host": [
								"{{base_url}}"
							],
							"path": [
								"api",
								"blogs",
								"67a63977116cfd429cced2a7"
							]
						}
					},
					"response": []
				}
			]
		},
		{
			"name": "Team",
			"item": [
				{
					"name": "Get all team members",
					"protocolProfileBehavior": {
						"disableBodyPruning": true
					},
					"request": {
						"method": "GET",
						"header": [],
						"body": {
							"mode": "raw",
							"raw": "",
							"options": {
								"raw": {
									"language": "json"
								}
							}
						},
						"url": {
							"raw": "{{base_url}}/api/team",
							"host": [
								"{{base_url}}"
							],
							"path": [
								"api",
								"team"
							]
						}
					},
					"response": []
				},
				{
					"name": "Create a new team member",
					"request": {
						"auth": {
							"type": "bearer",
							"bearer": [
								{
									"key": "token",
									"value": "{{token}}",
									"type": "string"
								}
							]
						},
						"method": "POST",
						"header": [],
						"body": {
							"mode": "raw",
							"raw": "{\r\n    \"name\": \"Mike Johnson\",\r\n    \"designation\": \"Design Lead\",\r\n    \"content\":\"Creative professional with a passion for user-centered design.\",\r\n    \"image\": \"https://images.unsplash.com/photo-1721322800607-8c38375eef04\"\r\n}",
							"options": {
								"raw": {
									"language": "json"
								}
							}
						},
						"url": {
							"raw": "{{base_url}}/api/team",
							"host": [
								"{{base_url}}"
							],
							"path": [
								"api",
								"team"
							]
						}
					},
					"response": []
				},
				{
					"name": "Update a team member",
					"request": {
						"auth": {
							"type": "bearer",
							"bearer": [
								{
									"key": "token",
									"value": "{{token}}",
									"type": "string"
								}
							]
						},
						"method": "PUT",
						"header": [
							{
								"key": "Authorization",
								"value": "{{token}}",
								"type": "text"
							}
						],
						"body": {
							"mode": "raw",
							"raw": "{\r\n  \"name\": \"Jane Smith\",\r\n  \"designation\": \"Lead Developer\",\r\n  \"content\":\"Expert in full-stack development and cloud architecture.\",\r\n  \"image\": \"https://images.unsplash.com/photo-1581091226825-a6a2a5aee158\"\r\n}",
							"options": {
								"raw": {
									"language": "json"
								}
							}
						},
						"url": {
							"raw": "{{base_url}}/api/team/67a6eabdef5d60235cfc195a",
							"host": [
								"{{base_url}}"
							],
							"path": [
								"api",
								"team",
								"67a6eabdef5d60235cfc195a"
							]
						}
					},
					"response": []
				},
				{
					"name": "Delete Team Member",
					"request": {
						"auth": {
							"type": "bearer",
							"bearer": [
								{
									"key": "token",
									"value": "{{token}}",
									"type": "string"
								}
							]
						},
						"method": "DELETE",
						"header": [],
						"url": {
							"raw": "{{base_url}}/api/team/67a6cea36a6e1186d63d40a6",
							"host": [
								"{{base_url}}"
							],
							"path": [
								"api",
								"team",
								"67a6cea36a6e1186d63d40a6"
							]
						}
					},
					"response": []
				}
			]
		},
		{
			"name": "services",
			"item": [
				{
					"name": "Get all services",
					"protocolProfileBehavior": {
						"disableBodyPruning": true
					},
					"request": {
						"method": "GET",
						"header": [],
						"body": {
							"mode": "raw",
							"raw": "",
							"options": {
								"raw": {
									"language": "json"
								}
							}
						},
						"url": {
							"raw": "{{base_url}}/api/services",
							"host": [
								"{{base_url}}"
							],
							"path": [
								"api",
								"services"
							]
						}
					},
					"response": []
				},
				{
					"name": "Create a new team service",
					"request": {
						"auth": {
							"type": "bearer",
							"bearer": [
								{
									"key": "token",
									"value": "{{token}}",
									"type": "string"
								}
							]
						},
						"method": "POST",
						"header": [],
						"body": {
							"mode": "raw",
							"raw": "{\r\n  \"title\": \"UI/UX Design\",\r\n  \"description\": \"Beautiful and functional user interfaces.\",\r\n\t\"features\":[\r\n\t\t\"User Research\",\r\n    \"Wireframing\",\r\n    \"Prototyping\"\r\n\t],\r\n  \"icon\": \"fa-solid fa-new-icon\"\r\n}",
							"options": {
								"raw": {
									"language": "json"
								}
							}
						},
						"url": {
							"raw": "{{base_url}}/api/services",
							"host": [
								"{{base_url}}"
							],
							"path": [
								"api",
								"services"
							]
						}
					},
					"response": []
				},
				{
					"name": "Update a team service",
					"request": {
						"auth": {
							"type": "bearer",
							"bearer": [
								{
									"key": "token",
									"value": "{{token}}",
									"type": "string"
								}
							]
						},
						"method": "PUT",
						"header": [],
						"body": {
							"mode": "raw",
							"raw": "{\r\n  \"title\": \"Updated Service Title\",\r\n  \"description\": \"Updated Service Description\",\r\n  \"icon\": \"fa-solid fa-updated-icon\"\r\n}",
							"options": {
								"raw": {
									"language": "json"
								}
							}
						},
						"url": {
							"raw": "{{base_url}}/api/services/67a6cfd56a6e1186d63d40b5",
							"host": [
								"{{base_url}}"
							],
							"path": [
								"api",
								"services",
								"67a6cfd56a6e1186d63d40b5"
							]
						}
					},
					"response": []
				},
				{
					"name": "Delete Team Service",
					"request": {
						"auth": {
							"type": "bearer",
							"bearer": [
								{
									"key": "token",
									"value": "{{token}}",
									"type": "string"
								}
							]
						},
						"method": "DELETE",
						"header": [],
						"url": {
							"raw": "{{base_url}}/api/services/67a6f1218d8ce341105a1390",
							"host": [
								"{{base_url}}"
							],
							"path": [
								"api",
								"services",
								"67a6f1218d8ce341105a1390"
							]
						}
					},
					"response": []
				}
			]
		}
	],
	"event": [
		{
			"listen": "prerequest",
			"script": {
				"type": "text/javascript",
				"packages": {},
				"exec": [
					""
				]
			}
		},
		{
			"listen": "test",
			"script": {
				"type": "text/javascript",
				"packages": {},
				"exec": [
					""
				]
			}
		}
	],
	"variable": [
		{
			"key": "base_url",
			"value": "http://localhost:5000"
		},
		{
			"key": "token",
			"value": "eyJhbGciOiJIUzI1NiIsInR5cCI6IkpXVCJ9.eyJpZCI6IjY3YTYyY2U2NjkxZTg1MWQ1ZTNkZDNhMSIsImlhdCI6MTczOTAwNTk5MywiZXhwIjoxNzM5MDA5NTkzfQ.BynEAvHGOUCSH3_zyXuqeZHFegnniMCSATRk4HxDpY4"
		}
	]
}